Name,Username
Nancy Singhroha,nancysinghrohaa
AFSHAN AHMED ,tiny.treasure87
Yash Bhatnagar,yash.bhatnagar18
Vaishnavi Shishwal,vaishnavishishwal
Sagar Tolani,boredom_is_peace
Ttej prakash shelar,ttejshelar
Viraaj mishra,viraajmishra9829
Myra Jain,myrajainnn
Netra Patel,crxy_boys
Aahil Chorge,aahilchorge77
Akash Ramdas,iamakrd
Heet patel,heetpatel70
Nishat singh,_nishatsingh
Karan jiwanja,karannjiwanja
Shaurya Shahi,_shaurya_53
Priya malik,priya_malik1996
Purna Sai Kowda,purna_yuj
Surabhi Chaubey ,thisissurabhi261
Shruti Naithani,shrtnthn
Vallari Kamalakar,vallari_kamlakar
Anamika bhatti ,me_annu_whoyou
Ekraj Ghimire,manishg_official
Megha Jejani Musaddi ,meghajejani
Shakthi R,shakthi.ramakrishnan
monu kumar,__mk___u07__
Karan Sonawane,mast_ha_bhai
Faizan Ahmad,faizannahm
Hritam Parui,hritam_parui
Anwesha Aryan,anwesha_aryan
Tinesh Rp,flavours_of_trichy
Roma Kewalramani ,roma_kewalramani_official
Saritha Subramaniam Swamy ,dombivlipenmani
Lakshay Kumar Rathee ,_lakshayrathee
Tarulata Arya,tanviii__2003
Shavej Rana,doctor.rana_here
Pooja Chaudhary ,pooja_khutail2828
Bilal khan,_.billyy.__
Samir Debsingha ,iiestian_samir
Pooja ,stories
Aniket Yadav,mr.aniket_yadav.9
Shanthi ,jayanthriyanshi
Bhoomika nyra,bhoomika_nyra
Shubham Chakraborty,shubhamuse_
Shivani Bisht,shivanisharma025
Vedikah Gawanday ,whatever.ved
Litti Baati,litti.baati_
Prithika,platterofyum
Kriti Kulshrestha,bloggerkriti
Raksha Karwa ,rakshhaaitsmeofficial
Yashpal Bhatnagar,yash.bhatnagar18
Swathi Patel,swathi_hpatel
Poornima Niralay,makeoversby_diva2021
Vanditha,crazy_bengaluru_hudugi
Pulkita  Dewan,pulkita_dewan
Gaurav Rattan,sapnonkaraja1
Ishika gupta,lifeofishika_
DIYA Peshwani,diya_peshwani_
Srabani Biswas,s_3is_
Neha maru,lifeofneha_9
Ruchi Bhimanpally ,ruchi145_
Rhea Khanolkar ,rheaakhanolkar
Bhavesh Rathod ,thename_is_bhavesh
Harshda fegde,harshda_14
Vamshi Chaithanya Vuppala,chaithanya.vuppala
Sparsh,_sparshhhh.__
Mann yadav,_mannyadav_50
Shruti Chauhan ,anonymous_iturhs
Aniruddha Deshpande,desh_ka_panda
Sani Lopes,sani.lopes_
Drishya P R,happydichasterr
Rachana ,rachanavlogs04
Gayatri Paul,gayatri__paul__
Siddhi Sadanand Tawde ,me_siddhitawde
Riya,riyaskindiary
Utpreksha kamble,_iamjennyyy_
Sadgi sharma,_sadgisharma._
Kalindi Sehgal ,kalindisehgal
Khushi Mandlik,_khushiii_02
Shreedhar Rathi,rathivlogss
Esha Vengurlekar,reel
Sandip Sharma ,ssfilmstudios
Yugandha Tambat ,yugandhartambat
Ridhi Behl ,ridhiibehl
Shreeyalxmi Padhan ,yours_priority_
Samiksha Srivastav ,angel.collection01
Sandeep Singh,deep_.i8
Harleen kaur arora,_harleenarora_
Aravind Samy P ,_aravind_samy
Keerti hegde ,_keertihegde
Priyanka Haldar ,priyankahaldar_
Stuti Bajaj,shopwithstuti
Samruddhi Santosh Jagtap ,samruddhijagtap25
Evanjalin Rita Angel,__angxlzz__
Sayanti Das,sayanti9307
Ruksar Thakur ,ruksarthakur.15
Sana,ugc_withall
RaagasriRaaja ,__.skin_ozm_
Joycie Gomes,joyciegomes
Amrutha Sivakumar,urstrulyams
Rupal Pereira,rupallxlifts
Drishti manna ,drishtiiii86
Ruchika Thakkar ,glamwithruchi_702
Anju Gupta ,glow_and_groow
Kajal Bharat Solanki,kajalsolanki_03
Priyanka Gupta,fulloncrazzyness
Ashis Kurmi,ashis.s_
Anjani singh ,who_iss_anjaniiii
SOORAJ SHAH,beingsoorajshah
Priyanka Tiwari ,_priyankatiwari
Himanshi Agarwal ,candy__lover02
Kanha,kannu_styles
Ruchi Arora ,ruchi_arora999
Roy Sudharshan ,pr_sudharshan
Ekta Aggarwal,ekta.aggarwal.161
Saurabh Kumar ,saurabh_rj8955
Nidha Fazal,niaa.shots
Simran Sharma ,simisharma10
Shweta Madhavi ,shweta_madhavi
Ayush Narang ,ayushhnarang14
Mahima singh,roop_kirt
Kumkum Magan ,itssss.kumkum
Megha ingale,megha_ingale18
Saffan Ansari,saffan_ansari
Deepa Saharan ,deepasaharann
Palak badawane,palak.badawane
Sonal ahir,glam_life_22
Mahanaaz Akthar ,fashion_with_naaz
Akshay Meghani,akshaymeghani_
Jyotsna Babbar,jyotsnasapra
Akshay Sudhirrao Surshe ,akshay.athlete
Hitakshi Prashant Mali ,hitakshibhoir
Amrin,authentic_ammu
Guthi Bhargavi bhushan ,bhargavibhushan1221
Mulchandani ankita  chandan kumar ,ankita._.08._.08
Akash Vasant Pawar ,pawar_akash97
Rukmini Anantha Narayanan ,rukminianantha
Sonia khan,invites
Manikanta,manikantaibs
Nishita,nish_xd16
KHAMMAM BABU ,khammambabu
Shivani Negi ,sanchinegi29
Megha Gurung,meghsbby
Saloni b,quirky_quipster_06
Sameer Saifi ,i_sameersaifi
Ridhi Bauskar ,ridhi_bauskar
Sahil KamlakarSawant,shail7086
Himanshu Singh ,_.himanshu.05
Anushka Mishra ,callme._.nush
Sujata Digambar Shitole ,sujaa_shitole._
Jitendra Singh,jitendra5070singh
Vinayak anil Sapkale ,vinayak_sapkale07
Neha Ramchandani,neha._.ramchandani.4
Pooja malhotra ,poojamalhotra052_
Vemula Kasinath ,vlogwithkasi
Jeethendra,ijeethh
Parth Shah,parth_shahhhh
Swayamprajna,swayamprajna__
Abhay Rana,realabhay2
Deepika Mathur ,itsfoodievlog
Shivang Khurana ,sshivangkhuraana
Sanjana Jadhav ,ugc__withsan
Rachit Sharma,united_by_bikers_family
Anurag Kumar ,anuragkumarrai_
Ankur Kumar Ghosh,ankurkumarghosh
Aryan Vaishnav,aryan._.vaishnav
Akash,itsyourakash11
Anju Dhami,_anju_dhami_
Vishwabrahma Pallavi ,selfcare_9990
Khushi singh,_.khushiiii13
Ritish singh ,fitwithritish005
Khumjar Kalai,khumjarkalai
Sumayya Nahid,aestheticvibe566
Avantika ghag,_aveeei01
Vaibhav Bansude ,vaibhav._.vb
sonu,iamsonu._.10
Lokesh kollati,gully_anime_boy
Jyoti chandila,jyotigujjari03
Vianca Viegas ,vianca.janelle_
Shubh Saxena ,_aawara_raahi_
Nabila Saif ,iam_nabilasaif
Riddhi Das ,riddhidas.official
Gehana S,jewel._.8
Shivam Garg ,coachshivamgarg
Rishika Rajput,rishika_rajput_
Ramya,rithuja_diaries
Manu Gupta ,manu_gupta_04
Vividisha Sharma ,yes.me.vivi._
Bhargavi Singh,_khushi.matters_
Nilofar Naseem shaikh ,blissfull.skinn
Mahira Qureshi ,mahh__iiii
Rajeev,rajeevfinance
Shaikh Talha,s.k.talha_offcial_07
Suraj Sonkar,thesurajsonkar
Simran parveen ,simi8489
SNEHA RANDAS ANGRE ,_snehzzzzz__14_
Shashank Shekhar Singh ,sss.shashank
Yashasvi S Kotian ,yashasvi_kotian1
Preet Jaiswal,preet_being_preeet
Deepali,deepalii25
